Username,IP,City,Region,Country
aabergt,213.52.37.155,Oslo,Oslo,NO
aamodtt,92.221.170.225,Smestad,Akershus,NO
abes,67.164.107.196,Campbell,California,US
abeytav,73.202.73.21,El Cerrito,California,US
abrahad,213.52.37.155,Oslo,Oslo,NO
adamb,97.96.92.240,Lakeland,Florida,US
addlema,47.147.177.217,San Bernardino,California,US
aditia,146.196.37.54,Patna,Bihar,IN
agarwap,49.43.114.226,Kanpur,Uttar Pradesh,IN
aggarwas,71.235.134.35,Rockville,Connecticut,US
agrahaa,130.41.204.157,Mumbai,Maharashtra,IN
agrawak,116.89.112.150,Singapore,Singapore,SG
agrawapa,207.177.247.18,Land O' Lakes,Florida,US
agrawapar,98.33.81.2,San Jose,California,US
ahuma,190.215.54.129,Santiago,Santiago Metropolitan,CL
alagapa,97.131.115.242,Mission Viejo,California,US
almeidg,138.117.186.50,Anápolis,Goiás,BR
alvamo,187.190.198.14,Mexico City,Mexico City,MX
alvesdt,70.73.176.111,Calgary,Alberta,CA
ambatib,115.98.237.217,Kukatpally,Telangana,IN
ambiga,49.205.143.71,Bengaluru,Karnataka,IN
ambulgm,24.6.26.153,Fremont,California,US
amesbub,67.2.13.85,Herriman,Utah,US
aminr,69.14.155.171,Sterling Heights,Michigan,US
ammanas,60.243.237.73,Bengaluru,Karnataka,IN
amrojas,43.230.212.248,Hyderābād,Telangana,IN
amyottl,165.85.212.159,Québec,Quebec,CA
anderss,20.99.136.164,Moses Lake,Washington,US
andradm,99.246.132.248,Mississauga,Ontario,CA
angj1,67.4.94.108,Victoria,Minnesota,US
angy,203.202.234.18,Sydney,New South Wales,AU
apm,104.50.142.82,Milpitas,California,US
arans,76.237.98.217,Fremont,California,US
archamm,74.59.164.165,Longueuil,Quebec,CA
archipl,82.19.147.250,Bearsden,Scotland,GB
aroras4,130.41.204.157,Mumbai,Maharashtra,IN
aryaa,73.223.81.100,Pleasanton,California,US
aseevaj,76.126.168.98,San Rafael,California,US
aslm,73.202.20.99,San Rafael,California,US
asokanm,24.72.156.58,Portland,Oregon,US
assam,87.71.187.215,Herzliya,Tel Aviv,IL
aungk,116.89.85.45,Kampong Pasir Ris,Singapore,SG
avb,4.194.155.15,Singapore,Singapore,SG
ayithaa,106.51.185.243,Bengaluru,Karnataka,IN
ayyagia,49.43.229.147,Hyderābād,Telangana,IN
azeemm,103.70.128.32,Kalaburagi,Karnataka,IN
baezo,200.117.179.234,Buenos Aires,Buenos Aires F.D.,AR
baib,101.228.192.235,Shanghai,Shanghai,CN
bainesd,104.182.51.243,Wilmington,North Carolina,US
bakerl,130.41.199.15,Sydney,New South Wales,AU
bakharal,84.172.192.154,Berlin,Berlin,DE
balajip,73.189.70.19,Petaluma,California,US
balasum,130.41.204.157,Mumbai,Maharashtra,IN
balawej,104.59.125.66,San Francisco,California,US
bamdalr,122.248.191.83,Pune,Maharashtra,IN
bandlah,75.39.165.11,Mountain House,California,US
bandlas,75.39.165.11,Mountain House,California,US
bankapr,49.206.134.245,Bengaluru,Karnataka,IN
bantups,49.207.215.25,Bengaluru,Karnataka,IN
bapatm,122.248.191.35,Pune,Maharashtra,IN
barashs,73.180.40.177,Portland,Oregon,US
bardob,213.52.37.155,Oslo,Oslo,NO
baria,190.90.147.98,Bogotá,Bogota D.C.,CO
barkedd,85.65.148.191,H̱olon,Tel Aviv,IL
barrets,81.157.50.18,Solihull,England,GB
barsada,77.137.76.89,Rishon LeTsiyyon,Central District,IL
bartakj,76.14.115.84,San Francisco,California,US
bartles,174.163.37.107,Atlanta,Georgia,US
basilld,103.252.200.49,Woodlands,Singapore,SG
basus,136.24.101.86,San Francisco,California,US
battilp,97.115.112.169,Portland,Oregon,US
battuls,49.205.97.109,Vijayawada,Andhra Pradesh,IN
battyc,76.105.154.138,Portland,Oregon,US
bavers,98.210.198.239,San Jose,California,US
beaulia,107.159.164.136,Montréal,Quebec,CA
belld,104.189.128.202,Fletcher,North Carolina,US
betei,77.137.72.232,Haifa,Haifa,IL
bhamidm,116.88.217.100,Singapore,Singapore,SG
bhansay,198.54.106.169,Chicago,Illinois,US
bharads1,73.60.24.50,Medford,Massachusetts,US
bhattas1,49.206.129.17,Bengaluru,Karnataka,IN
bhober,72.74.17.81,Woburn,Massachusetts,US
blackbd,172.250.83.147,Westlake Village,California,US
blakec,47.12.13.88,Rosemount,Minnesota,US
blakels,143.58.214.26,Manchester,England,GB
blancom,184.162.136.207,Montréal,Quebec,CA
bommarn,175.101.107.11,Gudivāda,Andhra Pradesh,IN
bonda1,188.163.34.140,Sumy,Sumy,UA
bonnya,23.119.125.40,San Francisco,California,US
boopalb,49.204.113.150,Chennai,Tamil Nadu,IN
borchh,46.212.231.47,Kjenn,Akershus,NO
borisom,87.162.118.238,Wachtberg,North Rhine-Westphalia,DE
boronil,94.63.54.190,São Domingos de Rana,Lisbon,PT
borseh,122.248.191.83,Pune,Maharashtra,IN
boudreb,67.149.24.192,Delaware,Ohio,US
boylanc,50.47.157.149,Portland,Oregon,US
braateh,213.52.37.155,Oslo,Oslo,NO
brachad,93.173.44.32,Gan Yavne,Central District,IL
briensm,62.23.144.26,Paris,Île-de-France,FR
brinklk1,72.186.176.168,Safety Harbor,Florida,US
britosd,23.16.174.102,Burnaby,British Columbia,CA
brotzd,172.91.236.2,Santa Clarita,California,US
brunnea,67.180.8.80,Palo Alto,California,US
bryanl,98.37.254.40,Palo Alto,California,US
buchack,89.64.53.140,Kraków,Lesser Poland,PL
bucyj,162.218.224.116,San Francisco,California,US
bulchks,49.43.218.15,Hyderābād,Telangana,IN
bunducd,73.223.140.240,San Ramon,California,US
burlinb,72.205.111.229,Santa Barbara,California,US
byrdc,70.181.65.174,Rancho Santa Margarita,California,US
byrneb1,212.161.72.66,Dublin,Leinster,IE
cabotm,213.52.37.155,Oslo,Oslo,NO
caip,39.144.103.78,Shanghai,Shanghai,CN
callju,161.10.125.80,Santa Marta,Magdalena Department,CO
cameroj,69.165.239.87,Toronto,Ontario,CA
campbej,73.180.114.52,Charleston,South Carolina,US
carlsoa,73.180.38.18,Gresham,Oregon,US
carrieb,107.159.249.12,Beloeil,Quebec,CA
carterd,188.252.218.241,Zagreb,Zagreb,HR
carvalt,85.242.207.63,Venda do Pinheiro,Lisbon,PT
casalir,159.147.35.137,Barcelona,Catalonia,ES
castf,190.99.107.250,Montevideo,Montevideo Department,UY
castrop,37.189.186.242,Rio Tinto,Porto,PT
cederlr,92.33.243.49,Göteborg,Västra Götaland,SE
cervanf,68.101.214.154,San Diego,California,US
chaitam,144.48.227.199,Jammalamadugu,Andhra Pradesh,IN
chakramu,116.86.41.171,Singapore,Singapore,SG
chakran,73.202.85.30,Concord,California,US
chalisr,122.107.103.14,Parramatta,New South Wales,AU
chandre,101.127.152.78,Jurong Town,Singapore,SG
chanju,42.61.252.160,Punggol,Singapore,SG
chanko,203.202.234.18,Sydney,New South Wales,AU
chanmat,209.40.66.8,Rancho Cucamonga,California,US
charokn,49.43.2.43,Indore,Madhya Pradesh,IN
chawlak,122.172.80.86,Bengaluru,Karnataka,IN
chenan,183.159.50.222,Hangzhou,Zhejiang,CN
chenc,132.188.16.22,San Francisco,California,US
chengc1,202.166.52.215,Choa Chu Kang New Town,Singapore,SG
chenli,210.13.94.37,Shanghai,Shanghai,CN
chenn1,71.17.22.197,Regina,Saskatchewan,CA
chenshu,52.224.143.234,Ashburn,Virginia,US
chent,124.78.248.7,Shanghai,Shanghai,CN
chent3,101.229.76.16,Shanghai,Shanghai,CN
chenx2,210.13.94.38,Shanghai,Shanghai,CN
chenyun,173.76.169.189,Westford,Massachusetts,US
chewd1,116.86.167.135,Singapore,Singapore,SG
cheww,175.156.204.151,Singapore,Singapore,SG
chhikam,59.178.39.199,Sonīpat,Haryana,IN
chittos,173.237.109.110,Halifax,Nova Scotia,CA
choin,50.35.97.204,Lynnwood,Washington,US
chs2,27.59.223.177,Visakhapatnam,Andhra Pradesh,IN
chua2,203.202.234.24,Sydney,New South Wales,AU
chuaeu,116.14.14.90,Singapore,Singapore,SG
chuah,138.75.26.137,Jurong Town,Singapore,SG
cicalaz,198.27.183.46,San Francisco,California,US
cistp,186.156.33.170,Concepción,Biobío,CL
continc,75.98.138.2,Montréal,Quebec,CA
corderh,99.247.26.79,Mississauga,Ontario,CA
courtsp,82.9.199.124,Royal Leamington Spa,England,GB
cruzmi,189.216.168.195,Mexico City,Mexico City,MX
csnagya,66.23.31.202,Toronto,Ontario,CA
cuib,210.13.94.37,Shanghai,Shanghai,CN
cummint,76.14.116.240,Daly City,California,US
danhair,204.9.220.41,Boston,Massachusetts,US
danyu,58.32.205.50,Shanghai,Shanghai,CN
dattaj,172.124.232.254,Tracy,California,US
davida1,76.145.146.28,Atlanta,Georgia,US
davisj1,52.224.143.234,Ashburn,Virginia,US
davisr,99.242.189.83,London,Ontario,CA
dazaj1,181.234.137.107,Cali,Valle del Cauca Department,CO
debackl,134.238.243.102,Toronto,Ontario,CA
debnata,49.47.153.20,Hābra,West Bengal,IN
delacrj1,110.93.82.76,Angono,Calabarzon,PH
dellens,144.2.67.144,Lausanne,Vaud,CH
dengt,157.131.100.79,San Francisco,California,US
deshpas,203.202.234.17,Sydney,New South Wales,AU
deswalp,98.210.171.143,San Francisco,California,US
dhakitp,117.201.235.122,Nagpur,Maharashtra,IN
dhillod,172.218.207.29,Vancouver,British Columbia,CA
dhirajd,137.83.231.119,Chennai,Tamil Nadu,IN
dibettr,99.111.79.143,Martinez,California,US
dijis,173.183.132.148,Calgary,Alberta,CA
dinesca,142.126.158.123,Toronto,Ontario,CA
dissenh,213.52.37.155,Oslo,Oslo,NO
dongy,114.86.1.202,Shanghai,Shanghai,CN
doongod,142.188.123.188,Toronto,Ontario,CA
dorac,49.43.231.228,Hyderābād,Telangana,IN
downsb,67.166.45.187,Denver,Colorado,US
drebv,62.122.202.114,Ivano-Frankivsk,Ivano-Frankivsk,UA
dsilvaal,46.212.227.18,Oslo,Oslo,NO
duartea1,188.251.162.76,Rio Maior,Santarém,PT
duf,114.92.253.49,Shanghai,Shanghai,CN
dumontd,70.82.154.134,Blainville,Quebec,CA
durairr,106.222.196.140,Chennai,Tamil Nadu,IN
duv,73.170.254.169,Sunnyvale,California,US
duv1,73.126.160.81,Revere,Massachusetts,US
dwyerj,184.4.71.177,Springfield,Missouri,US
dyrkork,213.52.37.155,Oslo,Oslo,NO
eesazam,4.194.155.15,Singapore,Singapore,SG
elangop,4.194.155.15,Singapore,Singapore,SG
eswarav,165.85.174.9,Los Angeles,California,US
etchebj,98.203.220.21,Federal Way,Washington,US
eybelmi,76.14.120.252,San Francisco,California,US
eyyaa,106.51.160.138,Bengaluru,Karnataka,IN
ezes,173.238.249.245,Welland,Ontario,CA
fango,101.224.194.13,Shanghai,Shanghai,CN
fanv,132.188.72.178,New York City,New York,US
farandj,57.134.55.47,Lac-Mégantic,Quebec,CA
farinem,165.85.212.159,Québec,Quebec,CA
fengb,58.32.205.49,Shanghai,Shanghai,CN
festya,213.52.37.155,Oslo,Oslo,NO
fisheln,76.112.143.231,Mount Clemens,Michigan,US
fisicop,75.159.80.86,Calgary,Alberta,CA
flannac,73.38.84.80,Danbury,Connecticut,US
fuh,219.75.20.113,Singapore,Singapore,SG
funstea,97.71.155.218,Kissimmee,Florida,US
fureh,213.52.37.155,Oslo,Oslo,NO
fus,210.13.94.37,Shanghai,Shanghai,CN
gainesl,97.89.152.117,Weaverville,North Carolina,US
galvezc,132.188.71.5,Walnut Creek,California,US
ganania,76.133.136.255,Fremont,California,US
ganesae,106.222.196.14,Chennai,Tamil Nadu,IN
gaob,210.13.94.38,Shanghai,Shanghai,CN
garabar,103.182.10.153,Bhubaneswar,Odisha,IN
garcias,50.99.179.12,Calgary,Alberta,CA
garcjh,187.191.33.13,Mexico City,Mexico City,MX
gariboa,23.120.251.11,Richmond,California,US
gayathk,52.224.143.234,Ashburn,Virginia,US
geddadt,49.204.237.54,Visakhapatnam,Andhra Pradesh,IN
georgyv,50.21.71.26,Toronto,Ontario,CA
ghanata,73.202.86.136,San Rafael,California,US
giordaa,136.29.80.19,Denver,Colorado,US
girirar,202.83.37.216,Thiruvananthapuram,Kerala,IN
godoa,24.78.108.12,Niverville,Manitoba,CA
goelh,130.41.204.157,Mumbai,Maharashtra,IN
goldnyi,46.117.147.200,Rishon LeTsiyyon,Central District,IL
goles,182.55.33.176,Singapore,Singapore,SG
golithk,76.90.80.113,Los Angeles,California,US
gollamr,73.116.149.153,Tracy,California,US
golubd,46.121.74.158,Ramat Gan,Tel Aviv,IL
gonzald1,186.154.172.89,La Calera,Cundinamarca,CO
gonzalle,70.51.178.237,Saint-Michel,Quebec,CA
gopalab,106.51.186.109,Bengaluru,Karnataka,IN
gosainv,76.21.30.254,Castro Valley,California,US
goswamc,122.162.201.114,Kolkata,West Bengal,IN
gourdo,77.137.71.11,Tel Aviv,Tel Aviv,IL
greenep,37.228.225.10,Tallaght,Leinster,IE
greeng,84.110.36.98,Tel Aviv,Tel Aviv,IL
griffis,212.161.72.66,Dublin,Leinster,IE
grogank,100.40.200.14,Poughkeepsie,New York,US
gudalwh,165.85.129.114,Melbourne,Victoria,AU
guerrab,107.132.87.96,Live Oak,Texas,US
guharos,67.79.158.21,Town 'n' Country,Florida,US
guidonm,89.64.11.11,Warsaw,Mazovia,PL
gulenid,49.43.98.226,Ludhiāna,Punjab,IN
gulyks,194.62.169.30,Copenhagen,Capital Region,DK
gunkr,130.41.204.157,Mumbai,Maharashtra,IN
guptaa8,49.36.40.212,Dhūlia,Maharashtra,IN
guptaas,116.240.177.66,Melbourne,Victoria,AU
gutic,131.161.56.138,Mexico City,Mexico City,MX
gutierl,154.20.26.55,Surrey,British Columbia,CA
guttan,98.45.228.15,Livermore,California,US
hadado,77.125.115.235,Tel Aviv,Tel Aviv,IL
haeussg,70.188.26.243,Roanoke,Virginia,US
hafizom,93.142.190.69,Zagreb,Zagreb,HR
haliyus,157.45.240.200,Bengaluru,Karnataka,IN
hallchr,165.85.174.74,Los Angeles,California,US
hamnep,106.220.128.125,Ahmadnagar,Maharashtra,IN
handral,86.126.222.125,Satu Mare,Satu Mare County,RO
hangv,136.25.83.5,Oakland,California,US
hanm,128.205.229.144,Buffalo,New York,US
haoy,114.92.164.120,Shanghai,Shanghai,CN
hardals,108.17.94.70,Franklin Park,Pennsylvania,US
harrinm,76.144.89.123,Portland,Oregon,US
harrinn,108.49.203.24,Framingham,Massachusetts,US
hattinj,4.194.155.15,Singapore,Singapore,SG
haugenh1,20.99.136.164,Moses Lake,Washington,US
hec,71.16.235.32,Kissimmee,Florida,US
hectorjo,173.72.54.41,Princeton Meadows,New Jersey,US
hehe,210.13.94.38,Shanghai,Shanghai,CN
heinens,24.156.77.49,Flagstaff,Arizona,US
heje,165.85.81.82,Paris,Île-de-France,FR
hengr,116.14.14.80,Singapore,Singapore,SG
heod,4.194.155.15,Singapore,Singapore,SG
herrina,209.44.210.209,Pleasanton,Texas,US
higgina1,125.237.51.98,Auckland,Auckland,NZ
higgink,86.8.192.54,Fleet,England,GB
hileman,68.58.244.13,Warren,Michigan,US
hob,203.202.234.29,Sydney,New South Wales,AU
hochmar,31.168.44.90,Petaẖ Tiqva,Central District,IL
hodgest,50.53.8.123,Gresham,Oregon,US
hoke,130.41.7.25,Singapore,Singapore,SG
hongb,172.11.17.12,Pasadena,California,US
hradilm,46.13.91.163,Prague,Prague,CZ
huanga,132.188.16.23,San Francisco,California,US
huangli,101.224.23.214,Shanghai,Shanghai,CN
huangm,70.48.195.236,Mississauga,Ontario,CA
huangr2,106.154.147.230,Osaka,Ōsaka,JP
huangwi,99.247.83.110,Vaughan,Ontario,CA
huangx,203.202.234.29,Sydney,New South Wales,AU
huangyu,210.13.94.38,Shanghai,Shanghai,CN
hubertp,198.84.254.17,Montréal,Quebec,CA
hunr,108.180.108.33,Vancouver,British Columbia,CA
huntd2,118.92.96.154,Auckland,Auckland,NZ
hutmant,62.163.76.113,Amsterdam,North Holland,NL
igavep,122.248.191.35,Pune,Maharashtra,IN
iqbala1,142.67.64.100,English Corner,Nova Scotia,CA
jagadim,49.205.148.124,Bengaluru,Karnataka,IN
jagirdk,24.130.209.25,San Jose,California,US
jagshep,106.213.80.115,Sambhaji Nagar,Maharashtra,IN
jainp2,112.199.138.158,Singapore,Singapore,SG
jainvi,183.83.54.168,Jaipur,Rajasthan,IN
jaiswaj,103.199.139.58,Pimpri,Maharashtra,IN
jariwam,173.32.94.13,Brampton,Ontario,CA
jasinsj,71.212.140.230,Seattle,Washington,US
javidir,172.117.190.247,Westlake Village,California,US
jean-bg,98.45.42.55,Oakland,California,US
jeevav,96.242.148.180,Newark,New Jersey,US
jelinii,85.208.36.149,Dublin,Leinster,IE
jhap,20.99.136.164,Moses Lake,Washington,US
jimenesa,67.170.161.29,Gresham,Oregon,US
johansma,213.52.37.155,Oslo,Oslo,NO
jonesr4,203.12.0.149,Brisbane,Queensland,AU
josea,165.85.229.239,Toronto,Ontario,CA
josephs,75.111.27.22,Eureka,California,US
josepka,157.44.216.141,Kanayannur,Kerala,IN
joshia1,122.248.191.83,Pune,Maharashtra,IN
joshia2,116.74.170.207,Pune,Maharashtra,IN
judd,145.40.231.8,Herzogenbuchsee,Bern,CH
kachala,120.138.125.229,Pimpri,Maharashtra,IN
kadams1,106.213.87.8,Sambhaji Nagar,Maharashtra,IN
kajopet,76.68.74.55,Toronto,Ontario,CA
kalenm,84.110.36.98,Tel Aviv,Tel Aviv,IL
kambles,203.202.234.16,Sydney,New South Wales,AU
kandhah,49.206.134.51,Bengaluru,Karnataka,IN
kapures,49.36.57.20,Pune,Maharashtra,IN
karlsem,213.52.37.155,Oslo,Oslo,NO
kastp,178.197.206.36,Bern,Bern,CH
katis,49.205.34.245,Bengaluru,Karnataka,IN
kd1,103.98.209.28,Chennai,Tamil Nadu,IN
keeh,121.7.27.133,Kampong Pasir Ris,Singapore,SG
kelense,142.198.80.229,Toronto,Ontario,CA
kellyg,50.39.138.18,Beaverton,Oregon,US
kenneyk,50.53.222.192,Silverton,Oregon,US
keselma,77.137.76.42,Rishon LeTsiyyon,Central District,IL
keswann,192.184.177.15,San Francisco,California,US
keyu,130.41.7.25,Singapore,Singapore,SG
khadera,49.205.39.58,Bengaluru,Karnataka,IN
khairea,50.233.36.106,Boston,Massachusetts,US
khand,98.110.163.153,Andover,Massachusetts,US
khanm,137.83.231.119,Chennai,Tamil Nadu,IN
khannav,151.192.163.74,Singapore,Singapore,SG
khany1,50.92.10.120,Burnaby,British Columbia,CA
khilarr,107.3.151.114,Dublin,California,US
khramta,96.20.90.164,Montréal,Quebec,CA
khuntik,130.41.204.157,Mumbai,Maharashtra,IN
khurana,99.245.130.25,Mississauga,Ontario,CA
khurans,124.253.249.174,Patiāla,Punjab,IN
kiktevs,110.32.84.105,Canberra,Australian Capital Territory,AU
kimeug,126.233.150.81,Yokohama,Kanagawa,JP
kinneea,162.228.101.109,Livonia,Michigan,US
kiriata,46.120.106.105,Petaẖ Tiqva,Central District,IL
klugj,204.8.53.8,Layton,Utah,US
knippc,99.62.161.61,Belleville,Illinois,US
knottl,162.234.255.246,Larkspur,California,US
kohh,58.96.193.200,Singapore,Singapore,SG
kohlim1,142.189.44.30,Toronto,Ontario,CA
kohlis,73.249.134.91,Cambridge,Massachusetts,US
kolliv,70.119.107.196,Allen,Texas,US
korn,203.202.234.29,Sydney,New South Wales,AU
kostint,99.228.247.110,Richmond Hill,Ontario,CA
koutoui,86.11.69.193,Huntingdon,England,GB
kovalyb,73.140.32.57,South Hill,Washington,US
kpoluj,70.51.182.248,Terrebonne,Quebec,CA
kravchm,99.239.160.131,Toronto,Ontario,CA
krishns,130.41.204.157,Mumbai,Maharashtra,IN
krisn,117.241.94.46,Thanjavur,Tamil Nadu,IN
kronec,174.160.174.122,San Rafael,California,US
kuj,142.198.248.123,Toronto,Ontario,CA
kujurs,122.163.22.211,Kolkata,West Bengal,IN
kulkara1,122.248.191.35,Pune,Maharashtra,IN
kulkara3,152.58.244.243,Bengaluru,Karnataka,IN
kulkarv,16.98.86.129,Farmington,Michigan,US
kumaanu,137.83.231.119,Chennai,Tamil Nadu,IN
kumara19,134.238.243.102,Toronto,Ontario,CA
kumara3,4.194.155.15,Singapore,Singapore,SG
kumarj1,4.194.155.15,Singapore,Singapore,SG
kumars10,152.59.147.166,Patna,Bihar,IN
kumars12,223.186.111.197,Bengaluru,Karnataka,IN
kumars8,134.238.240.57,Mumbai,Maharashtra,IN
kumarsa,180.151.107.32,,,
kumarv,209.237.159.212,Milpitas,California,US
kumarv6,99.234.126.146,Brampton,Ontario,CA
kummars,174.91.164.159,Hamilton,Ontario,CA
kunalap,73.158.127.108,San Mateo,California,US
kunay,212.98.189.39,Minsk,Minsk City,BY
kunnerv,124.123.164.168,Hyderābād,Telangana,IN
kustwaa,71.235.86.104,Dedham,Massachusetts,US
kuwayeg,24.94.85.97,Waimanalo,Hawaii,US
ladj,171.50.210.41,Pune,Maharashtra,IN
lads,117.215.19.232,Pune,Maharashtra,IN
laforck,67.169.69.216,San Mateo,California,US
lambere,69.181.137.31,Walnut Creek,California,US
laml2,69.181.56.68,Daly City,California,US
landesj,165.85.172.251,Ashburn,Virginia,US
laue,98.234.57.143,Daly City,California,US
lavignm,96.21.171.123,Montréal,Quebec,CA
lawrenn,73.180.21.115,Vancouver,Washington,US
lawsh,116.88.164.86,Singapore,Singapore,SG
lazareg,73.55.66.220,Brandon,Florida,US
lazerm,132.188.71.6,Walnut Creek,California,US
leeh3,184.153.193.255,Watertown,New York,US
leel3,121.7.160.62,Kampong Pasir Ris,Singapore,SG
leemic,70.107.83.56,New Rochelle,New York,US
leezh,138.75.183.231,Singapore,Singapore,SG
leflorl,99.104.192.42,East Point,Georgia,US
lejeckp,71.193.1.222,Sacramento,California,US
leungf,130.41.7.25,Singapore,Singapore,SG
levatia,188.252.174.110,Zagreb,Zagreb,HR
levin,147.235.206.125,Tel Aviv,Tel Aviv,IL
levyp,84.110.36.98,Tel Aviv,Tel Aviv,IL
lewyank,174.93.203.244,Montréal,Quebec,CA
liaoxi,58.32.205.51,Shanghai,Shanghai,CN
lij6,203.202.234.16,Sydney,New South Wales,AU
lim2,4.194.155.15,Singapore,Singapore,SG
lim5,73.202.234.156,Santa Clara,California,US
limj,203.202.234.17,Sydney,New South Wales,AU
linc1,72.89.24.9,New York City,New York,US
lingina,73.240.92.96,Vancouver,Washington,US
lingr,183.192.10.75,Shanghai,Shanghai,CN
linj,165.85.229.239,Toronto,Ontario,CA
lins,99.230.251.143,Toronto,Ontario,CA
linz1,174.140.162.7,Maywood Park,Oregon,US
lir2,218.212.181.52,Singapore,Singapore,SG
lisbora,194.255.47.235,Copenhagen,Capital Region,DK
liuj,114.249.55.218,Beijing,Beijing,CN
liup,114.92.200.218,Shanghai,Shanghai,CN
lius1,165.85.177.204,Portland,Oregon,US
liuy4,14.100.112.179,Singapore,Singapore,SG
liuya,58.32.205.48,Shanghai,Shanghai,CN
lohk2,116.14.134.97,Singapore,Singapore,SG
loom,65.34.179.78,Greenacres City,Florida,US
lopeza2,162.250.172.154,Toronto,Ontario,CA
lotivid,75.142.244.79,Reno,Nevada,US
lourenj1,85.138.86.199,Faro,Faro,PT
lovelyd,165.85.133.206,San Francisco,California,US
luanx,210.13.94.38,Shanghai,Shanghai,CN
lucicv,188.252.150.158,Zagreb,Zagreb,HR
lus,183.192.37.80,Shanghai,Shanghai,CN
lyner,82.71.111.233,Rochdale,England,GB
m3,184.144.9.68,Toronto,Ontario,CA
macian,186.52.109.13,Montevideo,Montevideo Department,UY
mackard,137.83.235.249,London,England,GB
maddipan,49.43.229.230,Hyderābād,Telangana,IN
madhs,103.162.74.36,Alībāg,Maharashtra,IN
madhub,103.144.27.118,Chennai,Tamil Nadu,IN
madhuss,132.188.16.149,San Francisco,California,US
madingn,137.83.235.249,London,England,GB
madirea,139.5.248.233,Hyderābād,Telangana,IN
maguirj,202.36.75.241,Auckland,Auckland,NZ
mahajaa2,152.58.21.23,Sambhaji Nagar,Maharashtra,IN
mahawaa,219.75.37.237,Singapore,Singapore,SG
maheshr,37.228.247.152,Dublin,Leinster,IE
mahonyj,24.7.13.193,San Francisco,California,US
maleksk,70.54.108.170,Toronto,Ontario,CA
mammade,75.158.108.114,Calgary,Alberta,CA
mandsou,171.76.87.48,Bengaluru,Karnataka,IN
manikyk,59.96.209.88,Rāzole,Andhra Pradesh,IN
manjk,132.188.1.31,New York City,New York,US
mannine,98.97.58.254,Los Angeles,California,US
manriqs,181.136.38.75,Itagüí,Antioquia,CO
maragae,98.42.99.49,Dublin,California,US
marszaj,89.64.59.217,Warsaw,Mazovia,PL
martina3,85.245.122.122,Barreiro,Setúbal,PT
mascasp,94.52.4.21,Bucharest,București,RO
mastchc,165.85.212.159,Québec,Quebec,CA
matlanh,213.52.37.155,Oslo,Oslo,NO
maysj,38.25.18.193,San Isidro,Lima region,PE
mckenna,71.36.117.159,Portland,Oregon,US
mcmilln,69.181.112.245,Santa Rosa,California,US
medellr,187.188.63.253,Zapopan,Jalisco,MX
mehtap2,103.132.244.232,Pune,Maharashtra,IN
mehtas1,76.21.30.254,Castro Valley,California,US
meichtf,92.105.62.41,Le Mont-sur-Lausanne,Vaud,CH
meij,115.66.142.17,Jurong Town,Singapore,SG
melliea,135.180.251.70,Oakland,California,US
mellisd,132.188.4.18,San Francisco,California,US
meltzes,31.168.44.90,Petaẖ Tiqva,Central District,IL
mendezw,179.33.124.189,Bogotá,Bogota D.C.,CO
mesicad,31.168.44.90,Petaẖ Tiqva,Central District,IL
michm,178.43.248.90,Wola,Mazovia,PL
miguesg,179.24.205.204,Montevideo,Montevideo Department,UY
mirasu,132.188.1.17,New York City,New York,US
mishrak,103.139.56.47,Kanpur,Uttar Pradesh,IN
mishrar2,106.219.57.134,Mumbai,Maharashtra,IN
mnoucem,109.81.172.171,Prague,Prague,CZ
mogilip,183.83.226.201,Secunderabad,Telangana,IN
mohamaa,199.243.11.240,Mississauga,Ontario,CA
mohanj,132.188.1.23,New York City,New York,US
mohanrs,101.127.93.52,Punggol,Singapore,SG
monsale,121.7.54.200,Jurong Town,Singapore,SG
morkenf,213.52.37.155,Oslo,Oslo,NO
mosamr,124.123.175.27,Hyderābād,Telangana,IN
mostp,84.212.130.254,Oslo,Oslo,NO
mounikm,52.224.143.234,Ashburn,Virginia,US
mridulm,49.37.67.73,Bokāro,Jharkhand,IN
mss,130.41.204.157,Mumbai,Maharashtra,IN
mucharn,130.41.204.157,Mumbai,Maharashtra,IN
muellea,213.142.166.34,Mörigen,Bern,CH
mummidr,73.93.236.39,Alameda,California,US
murdopa,140.213.143.67,Jakarta,Jakarta,ID
murphya,47.155.12.101,Manhattan Beach,California,US
murthyg,103.168.80.186,Vijayawada,Andhra Pradesh,IN
muthuks,134.238.240.57,Mumbai,Maharashtra,IN
mykytio,95.90.235.103,Berlin,Berlin,DE
n273,4.194.155.15,Singapore,Singapore,SG
nadiapp,134.238.240.57,Mumbai,Maharashtra,IN
nadivr,31.168.44.90,Petaẖ Tiqva,Central District,IL
nagarar,24.6.72.64,Union City,California,US
nalka,52.224.143.234,Ashburn,Virginia,US
nallaps,107.196.176.95,San Jose,California,US
nandis,132.188.1.18,New York City,New York,US
narayar,68.5.180.155,Rancho Santa Margarita,California,US
naumova,165.85.229.239,Toronto,Ontario,CA
neavec,172.219.141.234,Calgary,Alberta,CA
neelish,76.187.255.17,Georgetown,Texas,US
neryb,108.21.84.92,New York City,New York,US
nguyena2,69.54.142.199,Beavercreek,Oregon,US
nguyend1,132.188.1.25,New York City,New York,US
nicholk,107.133.208.172,Louisville,Kentucky,US
nielsoj,68.144.126.72,Calgary,Alberta,CA
nikolar,76.21.60.138,Santa Clara,California,US
nirupam,108.63.250.200,Surrey,British Columbia,CA
nissenm,38.175.164.100,Denver,Colorado,US
njokuo,180.233.124.91,Melbourne,Victoria,AU
noami,31.168.44.90,Petaẖ Tiqva,Central District,IL
novakg,46.116.118.104,Petaẖ Tiqva,Central District,IL
novickp,89.100.111.113,Dublin,Leinster,IE
noyn,77.137.74.239,Petaẖ Tiqva,Central District,IL
nunnah,122.182.229.212,Hyderābād,Telangana,IN
nutig,122.171.17.38,Bengaluru,Karnataka,IN
obrienj,73.238.139.60,Bristol,Connecticut,US
odeaghf,86.40.1.244,Dublin,Leinster,IE
oelkes,183.193.37.95,Shanghai,Shanghai,CN
ohj1,203.202.234.19,Sydney,New South Wales,AU
okaned,24.20.120.11,Beaverton,Oregon,US
olsond,75.18.241.110,San Francisco,California,US
olteanr,5.14.149.119,Bucharest,București,RO
ontivec,35.129.29.87,St. Louis,Missouri,US
orra,75.80.39.165,San Diego,California,US
ouyangk,132.188.16.5,San Francisco,California,US
oyomij,68.206.231.242,Arlington,Texas,US
ozguru,68.239.44.76,Reading,Massachusetts,US
padinjs,96.227.238.160,Chester Heights,Pennsylvania,US
palanis,203.202.234.25,Sydney,New South Wales,AU
palmier,174.95.255.39,Toronto,Ontario,CA
panshem,178.238.165.209,Biel/Bienne,Bern,CH
paradia1,71.132.169.64,Houston,Texas,US
parharr,106.220.161.123,Pune,Maharashtra,IN
pashi,132.188.1.26,New York City,New York,US
patelab,173.170.116.234,Valrico,Florida,US
patelc,108.204.23.189,Snellville,Georgia,US
pateltru,71.87.245.28,Cleveland,Tennessee,US
patelv,142.126.199.95,Toronto,Ontario,CA
pathars,122.248.191.35,Pune,Maharashtra,IN
patid,4.194.155.15,Singapore,Singapore,SG
patildh,73.158.251.224,Mountain View,California,US
patilk,122.248.191.83,Pune,Maharashtra,IN
patnaia,71.238.23.87,Salem,Oregon,US
patrt,186.48.33.5,Montevideo,Montevideo Department,UY
paullj,70.22.136.251,Schenectady,New York,US
pawowsp,217.144.223.155,Gdynia,Pomerania,PL
pd1,132.188.71.11,Walnut Creek,California,US
peasej,45.24.225.195,Columbus,Ohio,US
pelkaa,50.39.182.63,Beaverton,Oregon,US
pelletn,173.176.4.213,Montréal,Quebec,CA
pengs,58.32.205.49,Shanghai,Shanghai,CN
penillr,190.234.175.228,Lima,Lima Province,PE
penmetp,49.43.234.78,Hyderābād,Telangana,IN
pereirr,95.95.18.120,Barreiro,Setúbal,PT
perel,187.232.98.143,Aguascalientes,Aguascalientes,MX
pertj,52.224.143.234,Ashburn,Virginia,US
petersp,23.93.6.88,Petaluma,California,US
phelipe,24.225.181.104,Montréal,Quebec,CA
pillais,98.37.115.237,Dublin,California,US
pilovsj,136.25.45.25,San Francisco,California,US
piresv,94.63.53.45,Lisbon,Lisbon,PT
pittmad,67.170.33.184,Everett,Washington,US
pizzarr,73.230.1.120,Mechanicsburg,Pennsylvania,US
poiriem,104.221.73.102,Saint-Eustache,Quebec,CA
poojars1,69.174.145.103,St. Charles,Illinois,US
poote,72.193.137.17,Las Vegas,Nevada,US
poovanv,52.224.143.234,Ashburn,Virginia,US
poppewm,79.160.10.208,Yli,Telemark,NO
portera,107.3.174.29,Marina,California,US
potlasr,174.17.21.130,Phoenix,Arizona,US
potlurk,192.184.140.44,Berkeley,California,US
pottsm,31.126.168.220,Lytham St Annes,England,GB
prajapb,122.248.191.83,Pune,Maharashtra,IN
puiua,89.136.158.101,Bucharest,București,RO
pursled,97.120.87.119,Portland,Oregon,US
pusztai,165.85.212.159,Québec,Quebec,CA
puttass,73.162.66.255,Salinas,California,US
qianj,183.192.234.227,Shanghai,Shanghai,CN
qianw,101.80.101.125,Shanghai,Shanghai,CN
quane,198.166.228.94,Calgary,Alberta,CA
quezadb,157.100.105.194,Guayaquil,Guayas,EC
racop,68.4.206.108,Rancho Santa Margarita,California,US
rajr,134.238.240.57,Mumbai,Maharashtra,IN
rajus,69.68.247.155,Citrus Ridge,Florida,US
ramanas,64.229.29.193,Toronto,Ontario,CA
ranat,37.228.246.194,Dublin,Leinster,IE
ranparc,203.202.234.28,Sydney,New South Wales,AU
ranpisk,98.97.56.243,Los Angeles,California,US
rapuruc,70.240.232.189,Cumming,Georgia,US
rasmusp,213.52.37.155,Oslo,Oslo,NO
ratelln,174.93.89.137,Ottawa,Ontario,CA
raths,76.187.81.143,Frisco,Texas,US
ravalb,174.160.72.82,San Jose,California,US
rayappw,108.195.21.159,Cumming,Georgia,US
reddk,49.37.150.3,Hyderābād,Telangana,IN
reddyr,70.54.57.151,Toronto,Ontario,CA
redmond,107.5.117.48,Brighton,Michigan,US
reidd1,99.58.47.63,Houston,Texas,US
renj,99.228.131.146,Richmond Hill,Ontario,CA
reynolb,96.230.190.34,Malden,Massachusetts,US
rg1,122.248.191.35,Pune,Maharashtra,IN
ribasw,208.98.212.98,Vancouver,British Columbia,CA
roberto,213.52.37.155,Oslo,Oslo,NO
rockenm,99.44.200.18,Roseville,Michigan,US
rodrdi,181.205.222.26,Medellín,Antioquia,CO
rogersl1,137.83.233.166,London,England,GB
rogersw,73.96.45.154,Corvallis,Oregon,US
roncevd,137.83.233.166,London,England,GB
rosadol,95.136.71.105,Cacém,Lisbon,PT
rosaled,96.8.248.156,Canyon Lake,Texas,US
rothm1,135.180.237.151,San Francisco,California,US
rsa1,4.194.155.15,Singapore,Singapore,SG
rubinsp,73.241.207.14,San Jose,California,US
rugasn,93.138.18.28,Zagreb,Zagreb,HR
ruhmann,68.189.9.160,Escalon,California,US
ruthera,71.36.115.228,Portland,Oregon,US
rutners,174.244.82.87,Cedar Park,Texas,US
ruzibos,213.52.37.155,Oslo,Oslo,NO
ry,4.194.155.15,Singapore,Singapore,SG
ryfettj,46.46.207.19,Oslo,Oslo,NO
sadayak,70.106.247.181,Ashburn,Virginia,US
sahars,202.131.132.190,Bengaluru,Karnataka,IN
sahum,49.207.226.164,Bengaluru,Karnataka,IN
sainir,24.36.34.32,Hamilton,Ontario,CA
sakarav,49.207.192.12,Bengaluru,Karnataka,IN
sakharg,182.64.40.113,Pune,Maharashtra,IN
salayok,203.211.75.162,Hamilton,Waikato Region,NZ
salii,201.189.212.201,Santiago,Santiago Metropolitan,CL
saloa,85.250.211.174,Tel Aviv,Tel Aviv,IL
salunkmi,108.196.206.168,Oakley,California,US
salvadr,47.72.207.21,Auckland,Auckland,NZ
sandhud,76.102.41.203,Fremont,California,US
sandovd,189.203.228.152,Zapopan,Jalisco,MX
sapunm,89.64.58.121,Warsaw,Mazovia,PL
sarwarfa,45.3.0.184,Toronto,Ontario,CA
sasidhs,142.115.111.89,Toronto,Ontario,CA
satheek,4.194.155.15,Singapore,Singapore,SG
saundej,24.127.14.22,Plymouth,Michigan,US
sauved,69.80.236.66,Saint-Jean-sur-Richelieu,Quebec,CA
saxenam,4.194.155.15,Singapore,Singapore,SG
scattej,73.231.49.177,Richmond,California,US
schirml,107.5.74.39,South Lyon,Michigan,US
schumal,128.77.5.47,Frankfurt am Main,Hesse,DE
segevg,93.173.51.101,Tel Aviv,Tel Aviv,IL
semerat,73.16.31.206,Gloucester,Massachusetts,US
senartf,70.30.229.232,Montréal,Quebec,CA
sgm,130.41.204.157,Mumbai,Maharashtra,IN
shahah,223.233.80.7,Sambhaji Nagar,Maharashtra,IN
shahn,99.65.177.233,Dublin,California,US
shahpa,68.95.50.60,St. Johns,Florida,US
shalevs,84.110.36.98,Tel Aviv,Tel Aviv,IL
shankaa,122.248.191.35,Pune,Maharashtra,IN
sharee,203.202.234.23,Sydney,New South Wales,AU
sharmaank,73.123.124.35,Manchester,New Hampshire,US
sharmad1,103.197.75.241,Pune,Maharashtra,IN
sharman,203.202.234.22,Sydney,New South Wales,AU
sharmap1,130.45.18.184,Castle Hills,Texas,US
sharmar1,122.248.191.35,Pune,Maharashtra,IN
sharmas1,223.233.85.19,Pune,Maharashtra,IN
sharmas3,116.88.154.137,Singapore,Singapore,SG
sharmav1,122.248.191.83,Pune,Maharashtra,IN
shawj,174.49.97.48,Atlanta,Georgia,US
shayj,71.80.45.207,Head of Westport,Massachusetts,US
sheldos,96.51.244.4,Calgary,Alberta,CA
shelkeat,173.73.201.98,Oakton,Virginia,US
shenb,58.32.205.58,Shanghai,Shanghai,CN
shenj3,162.194.224.223,Dallas,Texas,US
sherz,176.231.82.249,Petaẖ Tiqva,Central District,IL
shettyv1,49.37.160.46,Bengaluru,Karnataka,IN
shevchs,78.10.226.62,Kraków,Lesser Poland,PL
shindes1,72.39.44.119,Milton,Ontario,CA
shivaka,130.44.146.248,Cambridge,Massachusetts,US
shortj,50.54.148.64,Beaverton,Oregon,US
shrests,68.147.81.191,Calgary,Alberta,CA
shtefao,20.99.136.164,Moses Lake,Washington,US
shuklaa,182.70.144.163,Bhopāl,Madhya Pradesh,IN
sibyd,37.228.211.58,Tallaght,Leinster,IE
siddamh,122.248.191.83,Pune,Maharashtra,IN
siddiqt,49.36.43.72,Nagpur,Maharashtra,IN
silcocc,99.251.35.189,Kitchener,Ontario,CA
silverj,24.4.232.211,San Francisco,California,US
simanas,137.83.231.119,Chennai,Tamil Nadu,IN
singhs6,151.192.138.240,Kampong Pasir Ris,Singapore,SG
singhv,24.127.110.115,Okemos,Michigan,US
singna,116.88.135.69,Singapore,Singapore,SG
singnar,130.41.204.157,Mumbai,Maharashtra,IN
sinhars,49.205.150.252,Bengaluru,Karnataka,IN
skelsen,213.52.37.155,Oslo,Oslo,NO
skevikp,178.232.216.165,Oslo,Oslo,NO
smithb,108.30.178.148,New York City,New York,US
smithn1,130.41.199.15,Sydney,New South Wales,AU
smiths,65.35.118.53,Bradenton,Florida,US
sohkh,210.10.2.210,Singapore,Singapore,SG
solaro,167.62.172.195,Montevideo,Montevideo Department,UY
somalip,97.70.132.176,Farmington,Michigan,US
songd,203.202.234.20,Sydney,New South Wales,AU
sonthir,108.84.26.103,Lilburn,Georgia,US
soundas,98.210.29.133,Oakland,California,US
spanglf,188.210.57.122,Gückingen,Rheinland-Pfalz,DE
spletzr,68.60.56.212,Plymouth,Michigan,US
sridhas,207.81.102.114,Surrey,British Columbia,CA
srivasak,103.252.203.164,Singapore,Singapore,SG
standla,98.37.133.109,San Jose,California,US
stanevt,75.98.138.2,Montréal,Quebec,CA
starc,207.183.166.8,Jackson,Wyoming,US
steeler,23.84.118.196,Belleville,Illinois,US
steenh,130.41.185.58,Oslo,Oslo,NO
steffag,45.77.166.57,Miami,Florida,US
steffej,192.184.149.46,San Mateo,California,US
stephef,203.114.141.146,Palmerston North,Manawatu-Wanganui,NZ
stoneo,75.7.2.66,Berkeley,California,US
stoyani,109.125.101.254,Munich,Bavaria,DE
suarezp,73.71.131.3,Daly City,California,US
subasam,46.188.166.124,Rijeka,Primorje-Gorski Kotar,HR
subrama,116.14.40.255,Singapore,Singapore,SG
sufin,92.110.1.17,Rotterdam,South Holland,NL
sugiara,203.202.234.26,Sydney,New South Wales,AU
suh,20.99.136.164,Moses Lake,Washington,US
sunjim,73.219.65.211,Cambridge,Massachusetts,US
sunk,132.188.72.187,New York City,New York,US
sunq,132.188.72.180,New York City,New York,US
suratwm,59.88.28.83,Pune,Maharashtra,IN
sureshv1,23.120.34.195,Santa Clara,California,US
suwitor,203.202.234.26,Sydney,New South Wales,AU
svika,213.52.37.155,Oslo,Oslo,NO
swamia,180.148.53.142,Mumbai,Maharashtra,IN
swetak,20.99.136.164,Moses Lake,Washington,US
syamalk,157.211.20.197,Sydney,New South Wales,AU
syawala,202.166.8.84,Singapore,Singapore,SG
syedr,69.151.196.26,McKinney,Texas,US
szilvaa,67.170.211.74,Daly City,California,US
tair,115.98.236.5,Hyderābād,Telangana,IN
tang1,222.164.141.64,Woodlands,Singapore,SG
tangg,121.7.193.242,Singapore,Singapore,SG
tangj1,64.180.91.140,Burnaby,British Columbia,CA
tangjan,107.216.241.162,Union City,California,US
tangju,130.41.7.25,Singapore,Singapore,SG
tanh,203.202.234.17,Sydney,New South Wales,AU
tarczyk,139.28.41.20,Kraków,Lesser Poland,PL
tasicm,174.78.110.114,Pensacola,Florida,US
tavvas,205.254.168.24,New Delhi,Delhi,IN
taylorco,108.206.238.7,Windsor,California,US
taylorj,50.5.78.133,Edgewood,Kentucky,US
tayw,116.15.255.241,Singapore,Singapore,SG
tegartd,78.18.47.188,Drogheda,Leinster,IE
tepperm,46.121.27.107,Kiryat Ono,Tel Aviv,IL
testad,98.37.36.195,Walnut Creek,California,US
thakarp,132.188.16.4,San Francisco,California,US
thompsjo,86.9.126.26,Sheffield,England,GB
tirunam,99.8.36.66,Frisco,Texas,US
tiwaria3,122.171.18.56,Bengaluru,Karnataka,IN
tiwarya,130.41.204.157,Mumbai,Maharashtra,IN
tiwavi,202.179.75.35,Mumbai,Maharashtra,IN
toom,112.199.136.142,Singapore,Singapore,SG
toonep,136.38.104.153,Salt Lake City,Utah,US
torij,187.169.191.170,Iztapalapa,Mexico City,MX
toulkev,24.147.249.111,Tolland,Connecticut,US
touth,70.51.199.88,Montréal,Quebec,CA
trahang,76.74.108.22,Montréal,Quebec,CA
trammel,73.78.113.254,Parker,Colorado,US
tranl,24.6.149.29,Newark,California,US
tranp,20.99.136.164,Moses Lake,Washington,US
tranvi,76.23.131.115,East Haddam,Connecticut,US
tranw,203.202.234.17,Sydney,New South Wales,AU
tretinn,62.67.21.170,Munich,Bavaria,DE
tripak,152.58.27.144,Indore,Madhya Pradesh,IN
tripatp,122.248.191.35,Pune,Maharashtra,IN
trojand,143.109.119.188,The Woodlands,Texas,US
upadhyr,49.43.242.212,Bengaluru,Karnataka,IN
uppalj,116.72.150.125,Bengaluru,Karnataka,IN
uwhece,35.147.32.157,Richardson,Texas,US
vadaliv,74.193.12.88,Conroe,Texas,US
valeraf,68.145.144.62,Calgary,Alberta,CA
valiyee,188.110.9.139,Duisburg,North Rhine-Westphalia,DE
valvr,138.186.31.27,Mexico City,Mexico City,MX
vamsimb,61.3.15.54,Nizāmābād,Telangana,IN
vandj,81.82.232.114,Turnhout,Flanders,BE
varambp,99.228.158.90,Richmond Hill,Ontario,CA
vargje,49.37.243.122,Bengaluru,Karnataka,IN
varshna,222.164.37.174,Singapore,Singapore,SG
vazhayp,203.202.234.21,Sydney,New South Wales,AU
veerapv,49.47.241.88,Chennai,Tamil Nadu,IN
venkats2,37.228.238.187,Dublin,Leinster,IE
vermas1,223.233.81.27,Sambhaji Nagar,Maharashtra,IN
vijagov,49.36.237.188,Jaipur,Rajasthan,IN
vijayamu,67.170.233.143,San Francisco,California,US
vijaykv,49.206.36.138,Hyderābād,Telangana,IN
villa,164.152.136.176,Oakland,California,US
viscam,179.24.238.201,Montevideo,Montevideo Department,UY
vivekar,122.248.191.35,Pune,Maharashtra,IN
vuh,66.56.57.212,Atlanta,Georgia,US
waglh,202.131.128.10,Bengaluru,Karnataka,IN
wallacda,99.47.122.197,Acworth,Georgia,US
waltonl,76.31.204.211,Houston,Texas,US
wanga,114.86.54.77,Shanghai,Shanghai,CN
wangle,210.13.94.38,Shanghai,Shanghai,CN
wangmi,132.188.72.181,New York City,New York,US
wangtim,58.38.15.54,Shanghai,Shanghai,CN
wangto,120.204.217.81,Shanghai,Shanghai,CN
wangz10,27.125.187.89,Singapore,Singapore,SG
wanj,8.53.90.53,Saint Paul,Minnesota,US
wardzid,76.71.93.74,Markham,Ontario,CA
warsawr,98.187.99.240,Johnson,Arkansas,US
watsonjo,109.76.158.64,Tuam,Connacht,IE
wattd,135.180.249.2,Oakland,California,US
weibelt,81.221.144.230,Kirchberg,Bern,CH
weic,58.32.205.56,Shanghai,Shanghai,CN
weismam,84.39.88.167,Neumarkt in der Oberpfalz,Bavaria,DE
wekelt,96.51.165.78,Heritage Pointe,Alberta,CA
wellmam,128.77.7.29,Hamburg,Hamburg,DE
wenje,104.48.83.143,Irvine,California,US
went,76.93.220.197,Honolulu,Hawaii,US
whited,172.56.113.127,East Providence,Rhode Island,US
widjajk,115.66.203.176,Punggol,Singapore,SG
wielgot,91.236.84.32,Kraków,Lesser Poland,PL
wiggina,24.59.61.188,Ithaca,New York,US
wilderd,97.115.128.29,Portland,Oregon,US
winchee,119.18.2.164,Sydney,New South Wales,AU
wisniej,89.64.48.6,Warsaw,Mazovia,PL
woelffr,76.14.62.42,Walnut Creek,California,US
wongk,221.113.79.108,Urayasu,Tokyo,JP
wud,165.85.169.193,Hong Kong,Hong Kong,HK
wue,58.32.205.52,Shanghai,Shanghai,CN
wug1,165.85.159.94,Osaka,Ōsaka,JP
wur2,173.32.249.103,Innisfil,Ontario,CA
wus4,58.32.205.52,Shanghai,Shanghai,CN
wush,14.100.122.44,Singapore,Singapore,SG
wynnt,203.202.234.28,Sydney,New South Wales,AU
xavierm,71.167.231.39,New York City,New York,US
xiec,106.154.147.230,Osaka,Ōsaka,JP
xuha,222.94.185.110,Nanjing,Jiangsu,CN
xuq,4.194.155.15,Singapore,Singapore,SG
xuy,67.170.213.193,Lompoc,California,US
yaario,84.110.36.98,Tel Aviv,Tel Aviv,IL
yadaram,223.188.17.99,Jaipur,Rajasthan,IN
yadava4,58.84.62.242,Pune,Maharashtra,IN
yamaokf,98.47.203.60,San Francisco,California,US
yamasht,165.85.229.239,Toronto,Ontario,CA
yang,99.240.120.105,Toronto,Ontario,CA
yangc1,74.14.144.133,Stouffville,Ontario,CA
yerramr,98.225.128.20,Philadelphia,Pennsylvania,US
yeungv,99.74.185.103,Indianapolis,Indiana,US
yinh,58.32.205.55,Shanghai,Shanghai,CN
yinl,210.13.94.38,Shanghai,Shanghai,CN
yongdoc,183.194.182.248,Shanghai,Shanghai,CN
yosufos,84.110.36.98,Tel Aviv,Tel Aviv,IL
z,103.252.200.239,Woodlands,Singapore,SG
zaidis,203.101.190.73,Rawalpindi,Punjab,PK
zengc,210.13.94.37,Shanghai,Shanghai,CN
zhanglo,210.13.94.37,Shanghai,Shanghai,CN
zhangr,210.13.94.38,Shanghai,Shanghai,CN
zhangt,23.233.74.51,Toronto,Ontario,CA
zhangyu,139.226.81.182,Shanghai,Shanghai,CN
zhangz,210.13.94.38,Shanghai,Shanghai,CN
zhaob,210.13.94.37,Shanghai,Shanghai,CN
zhaoy,182.55.89.177,Singapore,Singapore,SG
zhengq,174.160.32.81,Fremont,California,US
zhengx,218.212.83.50,Jurong Town,Singapore,SG
zhoua,210.13.94.38,Shanghai,Shanghai,CN
zhouj3,174.88.47.46,Richmond Hill,Ontario,CA
zhouwe,114.86.44.160,Shanghai,Shanghai,CN
zhuh2,58.32.205.53,Shanghai,Shanghai,CN
zhul,66.30.220.138,Naugatuck,Connecticut,US
zhul1,139.226.161.123,Shanghai,Shanghai,CN
zhuz,180.164.37.9,Shanghai,Shanghai,CN
ziminr,73.71.134.91,Napa,California,US
zimmerb,172.58.127.244,Detroit,Michigan,US
zlotnis,46.121.25.112,Kiryat Ono,Tel Aviv,IL
zlufl,68.203.8.232,Austin,Texas,US
zoladzp,165.85.12.176,Warsaw,Mazovia,PL
zoud,73.158.220.233,San Jose,California,US
zour,65.92.33.20,Vaughan,Ontario,CA
